Zenatti	120	2
Shuunx7	102	3
KID	100	1
Oxyzz	93	2
Kajou	85	1
Momon	80	1
Goison	77	3
Evolt	74	3
Yas As1	70	2
Rafé le père de Garfield	66	2
Tofchrist	58	2
Que_ni_ni	55	1
Kichiro	55	1
Ganymède	47	3
ZeroFK	46	1
Elfo	45	1
Orik	45	2
Saka	42	2
TaLinEsh	37	3
Shawn	37	2
Mephy	35	2
MAIN HEAVY 3000	35	1
Babyman	30	1
Oxxyga	30	1
Djol	30	1
WooxTom	30	1
EnzoWGF	27	2
LeDjo	25	1
Osca	25	1
ComteNiark	25	2
Valve	25	1
Famoflo	25	1
Blou	23	2
LG	20	1
El Tépe	20	2
Kaga	20	1
Lycan	20	1
Maskime	19	3
Clem	18	2
Keurt	15	1
Shaka	15	1
12dreams	15	1
inori	15	1
Naga	15	1
Abstein	15	1
YACINE	15	2
ShoeBip	15	1
Silfan	15	1
IbanTF	15	1
Banisu	15	1
Gouillou	15	1
Alcatrazz	14	3
Dolby	14	2
artoupix	12	2
EVIL	10	1
Kywi	10	1
Kaïs	10	1
Halua	10	1
Escalator foudroyeur 11	10	1
Reveяse	10	1
Gohurisson	10	1
Other	10	2
Mønøri	10	3
Five	10	1
Ange	10	1
TiTouNi	10	1
Korow	10	1
tortue obèse	10	1
Cephus	10	1
wsoox	10	1
Communist_Burger	10	1
Ruynio	10	1
Gia'	10	1
Jensen	10	1
ROBLEROBOTFAN420	10	1
Blabla	10	1
Yarnos	9	3
Yurei	7	1
Kana	5	1
Erakos	5	1
Archi Bald	5	1
Sai-kuron	5	1
Juartz	5	1
caroyosh	5	1
ZozoW	5	1
Lenyous	5	1
Wamy_Lb	5	1
ShiiroNeko	5	1
Nono	5	1
Enzo	5	1
UnCalin	5	1
xXPikachuténébreuxdu2bXx	5	2
Kazam	5	2
Saint bleuberries	5	1
Aubergine	5	1
Lilitimus	5	1
Seidokan	5	1
LittleSunshine	5	1
Quche	5	1
Thoms	5	1
Spotty Len	5	1
Natsirt	5	1
Eltroi	5	1
Sarkymm	3	2
Nemesis	3	1
Poda	3	1
Dol	2	1
Wender	2	1
Emi	2	1
Victofu	2	1
Just_N	2	1
Benito	2	1
Nuamus	2	1
TimaHell	2	1
Enzale	2	1
Next	2	1
MayKer	2	1
Threllox	2	1
pedro	2	1
Freesbi	2	1
Poade	2	2
Cross	2	2
Hürt	2	2
Mr Parpaing	2	1
Ponjinge	2	1
Guéno	2	1
Slayne	2	1
Doubl	2	1
Gamma	2	1
Holm-heuSS	2	1
Aabi	2	1
K!no	2	1
Licane	2	1
Buveur2T	2	1
Gachimaster	2	1
liang	2	1
Zang-Fu	2	1
Pelican	2	1
bobby	2	1
Gent	2	1
Nozcore	2	1
Chuppadawan	2	1
Anh	2	1
McCoy	2	1
Bibi	2	1
Asahio	2	1
Epsih	1	1
Ppalv	1	2
Katrina	1	1
Nowbody	1	1
MerciTekio	1	1
Shino	1	1
LesaintLineon	1	2
BenGen	1	1
Bizaute	0	1
Stice	0	1
Trozer176	0	1
Gryfy	0	1
Tibo_mrty	0	1
Eko	0	1
Skyflooze	0	1
Zelume	0	1
Ewanz	0	1
LeBéton	0	1
Vasochak	0	1
Ikiiba	0	1
pictron	0	2
Turias	0	1
Tigno	0	1
Bregs	0	1
EmoKermit...	0	1
ilix	0	1
GreGrenier	0	1
NoaH	0	1
Raynderr	0	1
Ninjabranleur	0	1
JayJay	0	1
BigFroa	0	1
Narnew Saldem	0	1
Blaird'orage	0	1
Zatallius	0	1
[SK]Conix-13	0	2
Joj	0	1
JuM	0	1
Rhaefias	0	1
Akai	0	1
Uzri	0	2
lampa	0	1
Ray lean	0	1
Cenndre	0	2
AxFeed	0	1
Nmn	0	1
Lenouille 2	0	1
FloZlion	0	1
Nover	0	1
Baalouga	0	1
Ar'thnen	0	1
JInyag	0	1
Innae	0	1
ujkpgs	0	1
Nep	0	1
Elloea	0	1
Ascalon	0	1
Lucas	0	1
Nay(gis)	0	1
Milhaut	0	1
Ketro	0	1
Remacx	0	1
Rune	0	1
Kaisonasa	0	1
Zuwuu	0	1
Djindjeur	0	1
Neikï	0	1
Nitjsu	0	1
Olivier Mine	0	1
CrokLaPêche	0	1
Kick	0	1
Cyrano du sud	0	1
Topolino	0	1
